품목,헤드라인,원본url,키워드
사이니지,대성건설 물류복합 1.2조 수주,https://news.example.kr/a101,"수주,공시"
디스플레이,대성건설 오피스동 2028년 6월 준공,https://news.example.kr/a102,"준공,오피스"
업계일반,대성건설 유형자산취득 결정 공시,https://news.example.kr/a103,"투자,공시"
디스플레이,대성건설 스마트오피스 설계 착수,https://news.example.kr/a104,"착공,오피스"
호텔TV,한울종합건설 호텔 2곳 리뉴얼 착공,https://news.example.kr/a105,"착공,호텔"
호텔TV,한울종합건설 시공 해솔호텔 2027년 7월 재개관,https://news.example.kr/a106,"준공,호텔"
사이니지,한울종합건설 객실 300실 규모 확정,https://news.example.kr/a107,"리뉴얼,호텔"
업계일반,서진리테일 신규 출점 계획 전면 보류,https://news.example.kr/a108,"실적,악화"
업계일반,서진리테일 상반기 영업손실 확대,https://news.example.kr/a109,"실적,악화"
업계일반,건설경기 하반기 회복 전망 엇갈려,https://news.example.kr/b201,동향
업계일반,건자재 가격 3분기 연속 상승,https://news.example.kr/b202,동향
디스플레이,국내 사이니지 시장 연 7% 성장,https://news.example.kr/b203,"동향,시장"
키오스크,무인 주문기 도입 매장 증가,https://news.example.kr/b204,"동향,키오스크"
호텔TV,호텔 객실 IPTV 교체 주기 도래,https://news.example.kr/b205,"동향,호텔"
업계일반,세종교육재단 신관 설계 공모 연기,https://news.example.kr/b206,"교육,연기"
업계일반,해솔호텔 별관 로비 준공,https://news.example.kr/b207,"준공,호텔"
디스플레이,경쟁사 신형 패널 출시 예고,https://news.example.kr/b208,경쟁
사이니지,옥외광고 규제 개정안 논의,https://news.example.kr/b209,규제
업계일반,건설사 ESG 공시 의무화 시행,https://news.example.kr/b210,"규제,공시"
디스플레이,미래로병원 신관 2027년 3월 준공 앞두고 내부 설비 검토,https://news.example.kr/b211,"준공,병원"
키오스크,공항 셀프체크인 확대 검토,https://news.example.kr/b212,"동향,키오스크"
디스플레이,회의실 디스플레이 교체 수요 증가,https://news.example.kr/b213,"동향,오피스"
업계일반,중대재해법 건설현장 점검 강화,https://news.example.kr/b214,규제
호텔TV,지방 관광호텔 가동률 회복세,https://news.example.kr/b215,"동향,호텔"
업계일반,건설업 인력난 심화 보도,https://news.example.kr/b216,동향
사이니지,지하철 역사 안내판 교체 사업,https://news.example.kr/b217,"수주,공공"
업계일반,세종교육재단 이사진 개편,https://news.example.kr/b218,인사
업계일반,건설경기 하반기 회복 전망 엇갈려,https://press.example.kr/b201r,동향
호텔TV,호텔 객실 IPTV 교체 주기 도래,https://press.example.kr/b205r,"동향,호텔"
디스플레이,회의실 디스플레이 교체 수요 증가,https://press.example.kr/b213r,"동향,오피스"
