영업기회 번호,영업기회 유형,그룹명,파트명,판매처코드,판매처명,판매처 주소,수요처코드,수요처명,영업기회명,매출일자,품목구분,모델명,주문유형,매출금액,매출수량
OPP-2026-0002,트렌드,한국총괄 B2B유통그룹,경로1파트,2000095,가야네트웍스,경상남도 김해시 분성로 221,1000311,한울종합건설,한울종합건설 신축 현장 회의실,2026-01-15,PC,NB-i7P,유통주문,3080000,2
OPP-2026-0006,트렌드,한국총괄 B2B유통그룹,경로1파트,2000071,남해정보통신,부산광역시 해운대구 센텀중앙로 45,1000204,대성건설,대성건설 신축 현장 회의실,2026-01-16,PC,DP-i5N,유통주문,1780000,2
OPP-2026-0007,트렌드,한국총괄 B2B영업그룹,직판2파트,1000642,서진리테일,—,1000642,서진리테일,서진리테일 매장 프로모션 사이니지,2026-01-19,모니터,MN-27Q,직판주문,5160000,12
OPP-2026-0004,트렌드,한국총괄 B2B유통그룹,경로1파트,2000071,남해정보통신,부산광역시 해운대구 센텀중앙로 45,1000204,대성건설,대성건설 모델하우스 사이니지,2026-01-20,모니터,MN-27Q,유통주문,860000,2
OPP-2026-0001,트렌드,한국총괄 B2B유통그룹,경로1파트,2000071,남해정보통신,부산광역시 해운대구 센텀중앙로 45,1000204,대성건설,대성건설 모델하우스 사이니지,2026-01-21,사이니지,SG-55C,유통주문,21120000,12
OPP-2026-0005,트렌드,한국총괄 B2B영업그룹,직판1파트,1000311,한울종합건설,—,1000311,한울종합건설,한울종합건설 모델하우스 사이니지,2026-01-23,모니터,MN-32U,직판주문,3450000,5
OPP-2026-0003,선행영업,한국총괄 B2B유통그룹,경로1파트,2000071,남해정보통신,부산광역시 해운대구 센텀중앙로 45,1000311,한울종합건설,한울종합건설 신축 현장 회의실,2026-01-25,PC,DP-i5N,유통주문,26700000,30
OPP-2026-0014,트렌드,한국총괄 B2B영업그룹,직판1파트,1000538,세종교육재단,—,1000538,세종교육재단,세종교육재단 행정실 PC,2026-02-06,모니터,MN-32U,직판주문,1380000,2
OPP-2026-0010,선행영업,한국총괄 B2B유통그룹,경로1파트,2000071,남해정보통신,부산광역시 해운대구 센텀중앙로 45,1000204,대성건설,대성건설 신축 현장 회의실,2026-02-08,TV,BX-65S,유통주문,70200000,30
OPP-2026-0011,트렌드,한국총괄 B2B영업그룹,직판2파트,1000642,서진리테일,—,1000642,서진리테일,서진리테일 백오피스 PC,2026-02-11,PC,DP-i5N,직판주문,10680000,12
OPP-2026-0012,트렌드,한국총괄 B2B영업그룹,직판1파트,1000311,한울종합건설,—,1000311,한울종합건설,한울종합건설 신축 현장 회의실,2026-02-20,TV,HX-65T,직판주문,39600000,20
OPP-2026-0009,선행영업,한국총괄 B2B영업그룹,직판1파트,1000425,미래로병원,—,1000425,미래로병원,미래로병원 대기실 사이니지,2026-02-21,사이니지,SG-55C,직판주문,35200000,20
OPP-2026-0013,트렌드,한국총괄 B2B영업그룹,직판1파트,1000425,미래로병원,—,1000425,미래로병원,미래로병원 진료실 모니터,2026-02-24,PC,NB-i7P,직판주문,18480000,12
OPP-2026-0008,트렌드,한국총괄 B2B영업그룹,직판1파트,1000101,해솔호텔,—,1000101,해솔호텔,해솔호텔 로비 사이니지,2026-02-25,사이니지,SG-55C,직판주문,17600000,10
OPP-2026-0015,트렌드,한국총괄 B2B영업그룹,직판1파트,1000425,미래로병원,—,1000425,미래로병원,미래로병원 대기실 사이니지,2026-03-07,TV,HX-65T,직판주문,9900000,5
OPP-2026-0018,트렌드,한국총괄 B2B영업그룹,직판1파트,1000311,한울종합건설,—,1000311,한울종합건설,한울종합건설 모델하우스 사이니지,2026-03-10,사이니지,SG-55C,직판주문,17600000,10
OPP-2026-0020,트렌드,한국총괄 B2B영업그룹,직판1파트,1000204,대성건설,—,1000204,대성건설,대성건설 모델하우스 사이니지,2026-03-19,모니터,MN-32U,직판주문,2760000,4
OPP-2026-0016,트렌드,한국총괄 B2B유통그룹,경로1파트,2000071,남해정보통신,부산광역시 해운대구 센텀중앙로 45,1000642,서진리테일,서진리테일 매장 프로모션 사이니지,2026-03-20,사이니지,SG-55C,유통주문,5280000,3
OPP-2026-0021,선행영업,한국총괄 B2B영업그룹,직판1파트,1000425,미래로병원,—,1000425,미래로병원,미래로병원 진료실 모니터,2026-03-21,에어컨,AC-18W,직판주문,11200000,10
OPP-2026-0019,선행영업,한국총괄 B2B영업그룹,직판2파트,1000642,서진리테일,—,1000642,서진리테일,서진리테일 매장 프로모션 사이니지,2026-03-22,에어컨,AC-18W,직판주문,13440000,12
OPP-2026-0017,트렌드,한국총괄 B2B영업그룹,직판1파트,1000538,세종교육재단,—,1000538,세종교육재단,세종교육재단 행정실 PC,2026-03-25,TV,HX-65T,직판주문,39600000,20
OPP-2026-0023,트렌드,한국총괄 B2B영업그룹,직판1파트,1000311,한울종합건설,—,1000311,한울종합건설,한울종합건설 모델하우스 사이니지,2026-04-08,TV,HX-55T,직판주문,4260000,3
OPP-2026-0022,트렌드,한국총괄 B2B영업그룹,직판1파트,1000311,한울종합건설,—,1000311,한울종합건설,한울종합건설 신축 현장 회의실,2026-04-10,PC,NB-i7P,직판주문,6160000,4
OPP-2026-0026,선행영업,한국총괄 B2B영업그룹,직판1파트,1000311,한울종합건설,—,1000311,한울종합건설,한울종합건설 모델하우스 사이니지,2026-04-12,에어컨,AC-18W,직판주문,2240000,2
OPP-2026-0024,트렌드,한국총괄 B2B유통그룹,경로1파트,2000095,가야네트웍스,경상남도 김해시 분성로 221,1000311,한울종합건설,한울종합건설 모델하우스 사이니지,2026-04-14,에어컨,AC-18W,유통주문,33600000,30
OPP-2026-0025,트렌드,한국총괄 B2B유통그룹,경로1파트,2000071,남해정보통신,부산광역시 해운대구 센텀중앙로 45,1000311,한울종합건설,한울종합건설 모델하우스 사이니지,2026-04-16,모니터,MN-32U,유통주문,5520000,8
OPP-2026-0027,트렌드,한국총괄 B2B유통그룹,경로1파트,2000088,동백시스템,부산광역시 해운대구 좌동순환로 12,1000642,서진리테일,서진리테일 백오피스 PC,2026-04-24,PC,NB-i7P,유통주문,30800000,20
OPP-2026-0028,트렌드,한국총괄 B2B유통그룹,경로1파트,2000088,동백시스템,부산광역시 해운대구 좌동순환로 12,1000204,대성건설,대성건설 신축 현장 회의실,2026-04-25,TV,BX-65S,유통주문,4680000,2
OPP-2026-0032,트렌드,한국총괄 B2B유통그룹,경로1파트,2000095,가야네트웍스,경상남도 김해시 분성로 221,1000311,한울종합건설,한울종합건설 모델하우스 사이니지,2026-05-01,사이니지,SG-55C,유통주문,35200000,20
OPP-2026-0029,트렌드,한국총괄 B2B유통그룹,경로1파트,2000071,남해정보통신,부산광역시 해운대구 센텀중앙로 45,1000538,세종교육재단,세종교육재단 행정실 PC,2026-05-13,모니터,MN-27Q,유통주문,5160000,12
OPP-2026-0035,트렌드,한국총괄 B2B영업그룹,직판2파트,1000642,서진리테일,—,1000642,서진리테일,서진리테일 매장 프로모션 사이니지,2026-05-23,PC,NB-i7P,직판주문,12320000,8
OPP-2026-0031,트렌드,한국총괄 B2B영업그룹,직판1파트,1000425,미래로병원,—,1000425,미래로병원,미래로병원 대기실 사이니지,2026-05-24,TV,HX-65T,직판주문,15840000,8
OPP-2026-0033,트렌드,한국총괄 B2B영업그룹,직판1파트,1000425,미래로병원,—,1000425,미래로병원,미래로병원 진료실 모니터,2026-05-26,사이니지,SG-43C,직판주문,4600000,4
OPP-2026-0030,트렌드,한국총괄 B2B영업그룹,직판1파트,1000311,한울종합건설,—,1000311,한울종합건설,한울종합건설 모델하우스 사이니지,2026-05-27,TV,HX-55T,직판주문,42600000,30
OPP-2026-0034,트렌드,한국총괄 B2B영업그룹,직판1파트,1000101,해솔호텔,—,1000101,해솔호텔,해솔호텔 객실 TV 교체,2026-05-28,사이니지,SG-43C,직판주문,13800000,12
OPP-2026-0038,트렌드,한국총괄 B2B영업그룹,직판1파트,1000425,미래로병원,—,1000425,미래로병원,미래로병원 대기실 사이니지,2026-06-12,에어컨,AC-18W,직판주문,2240000,2
OPP-2026-0041,선행영업,한국총괄 B2B유통그룹,경로1파트,2000071,남해정보통신,부산광역시 해운대구 센텀중앙로 45,1000101,해솔호텔,해솔호텔 로비 사이니지,2026-06-14,모니터,MN-32U,유통주문,1380000,2
OPP-2026-0039,트렌드,한국총괄 B2B영업그룹,직판1파트,1000204,대성건설,—,1000204,대성건설,대성건설 모델하우스 사이니지,2026-06-16,PC,NB-i7P,직판주문,3080000,2
OPP-2026-0042,트렌드,한국총괄 B2B영업그룹,직판2파트,1000642,서진리테일,—,1000642,서진리테일,서진리테일 매장 프로모션 사이니지,2026-06-17,사이니지,SG-43C,직판주문,23000000,20
OPP-2026-0037,트렌드,한국총괄 B2B유통그룹,경로1파트,2000071,남해정보통신,부산광역시 해운대구 센텀중앙로 45,1000311,한울종합건설,한울종합건설 모델하우스 사이니지,2026-06-19,사이니지,SG-55C,유통주문,8800000,5
OPP-2026-0040,트렌드,한국총괄 B2B영업그룹,직판1파트,1000204,대성건설,—,1000204,대성건설,대성건설 신축 현장 회의실,2026-06-21,PC,NB-i7P,직판주문,3080000,2
OPP-2026-0036,트렌드,한국총괄 B2B유통그룹,경로1파트,2000088,동백시스템,부산광역시 해운대구 좌동순환로 12,1000642,서진리테일,서진리테일 매장 프로모션 사이니지,2026-06-28,사이니지,SG-55C,유통주문,52800000,30
OPP-2026-0045,선행영업,한국총괄 B2B유통그룹,경로1파트,2000095,가야네트웍스,경상남도 김해시 분성로 221,1000425,미래로병원,미래로병원 대기실 사이니지,2026-07-04,PC,DP-i5N,유통주문,1780000,2
OPP-2026-0044,트렌드,한국총괄 B2B유통그룹,경로1파트,2000071,남해정보통신,부산광역시 해운대구 센텀중앙로 45,1000101,해솔호텔,해솔호텔 로비 사이니지,2026-07-13,PC,DP-i5N,유통주문,7120000,8
OPP-2026-0047,트렌드,한국총괄 B2B유통그룹,경로1파트,2000088,동백시스템,부산광역시 해운대구 좌동순환로 12,1000101,해솔호텔,해솔호텔 객실 TV 교체,2026-07-15,TV,BX-65S,유통주문,7020000,3
OPP-2026-0043,트렌드,한국총괄 B2B영업그룹,직판1파트,1000204,대성건설,—,1000204,대성건설,대성건설 모델하우스 사이니지,2026-07-18,모니터,MN-27Q,직판주문,5160000,12
OPP-2026-0046,트렌드,한국총괄 B2B유통그룹,경로1파트,2000088,동백시스템,부산광역시 해운대구 좌동순환로 12,1000425,미래로병원,미래로병원 대기실 사이니지,2026-07-24,사이니지,SG-55C,유통주문,7040000,4
OPP-2026-0049,선행영업,한국총괄 B2B영업그룹,직판2파트,1000642,서진리테일,—,1000642,서진리테일,서진리테일 매장 프로모션 사이니지,2026-08-12,PC,DP-i5N,직판주문,7120000,8
OPP-2026-0050,트렌드,한국총괄 B2B영업그룹,직판1파트,1000311,한울종합건설,—,1000311,한울종합건설,한울종합건설 신축 현장 회의실,2026-08-17,에어컨,AC-18W,직판주문,13440000,12
OPP-2026-0051,트렌드,한국총괄 B2B유통그룹,경로1파트,2000095,가야네트웍스,경상남도 김해시 분성로 221,1000204,대성건설,대성건설 신축 현장 회의실,2026-08-20,TV,BX-65S,유통주문,9360000,4
OPP-2026-0048,트렌드,한국총괄 B2B영업그룹,직판1파트,1000538,세종교육재단,—,1000538,세종교육재단,세종교육재단 강의실 디스플레이,2026-08-22,PC,NB-i7P,직판주문,30800000,20
OPP-2026-0052,트렌드,한국총괄 B2B영업그룹,직판1파트,1000204,대성건설,—,1000204,대성건설,대성건설 신축 현장 회의실,2026-08-28,모니터,MN-27Q,직판주문,1290000,3
OPP-2026-0055,트렌드,한국총괄 B2B영업그룹,직판1파트,1000311,한울종합건설,—,1000311,한울종합건설,한울종합건설 신축 현장 회의실,2026-09-02,사이니지,SG-55C,직판주문,14080000,8
OPP-2026-0054,트렌드,한국총괄 B2B유통그룹,경로1파트,2000071,남해정보통신,부산광역시 해운대구 센텀중앙로 45,1000204,대성건설,대성건설 모델하우스 사이니지,2026-09-12,에어컨,AC-18W,유통주문,13440000,12
OPP-2026-0057,트렌드,한국총괄 B2B영업그룹,직판1파트,1000538,세종교육재단,—,1000538,세종교육재단,세종교육재단 행정실 PC,2026-09-20,모니터,MN-27Q,직판주문,1290000,3
OPP-2026-0053,트렌드,한국총괄 B2B유통그룹,경로1파트,2000095,가야네트웍스,경상남도 김해시 분성로 221,1000311,한울종합건설,한울종합건설 신축 현장 회의실,2026-09-23,모니터,MN-32U,유통주문,20700000,30
OPP-2026-0056,트렌드,한국총괄 B2B영업그룹,직판2파트,1000642,서진리테일,—,1000642,서진리테일,서진리테일 백오피스 PC,2026-09-25,PC,NB-i7P,직판주문,30800000,20
