축,값,건수,합계
품목구분,PC,159,2503520000
품목구분,TV,167,2388240000
품목구분,사이니지,353,1736960000
품목구분,모니터,170,1119140000
품목구분,에어컨,181,749280000
품목구분,청소기,63,126440000
주문유형,유통주문,582,4532860000
주문유형,직판주문,511,4090720000
수요처명,미래로병원,165,1924750000
수요처명,해솔호텔,177,1608130000
수요처명,세종교육재단,158,1569300000
수요처명,대성건설,239,1493450000
수요처명,한울종합건설,197,1048390000
수요처명,서진리테일,157,979560000
파트명,경로1파트,582,4532860000
파트명,직판1파트,367,2452710000
파트명,직판2파트,144,1638010000
판매처명,동백시스템,220,1671530000
판매처명,남해정보통신,188,1441310000
판매처명,가야네트웍스,174,1420020000
판매처명,대성건설,189,1185400000
판매처명,미래로병원,86,1127130000
판매처명,해솔호텔,101,827630000
판매처명,한울종합건설,77,439680000
판매처명,세종교육재단,42,405230000
판매처명,서진리테일,16,105650000
전체,합계,1093,8623580000
